param_name,param_value,best_valid_ndcg10_mean,best_valid_ndcg10_std,test_ndcg10_mean,test_ndcg10_std,test_recall10_mean,test_recall10_std,test_ndcg20_mean,test_ndcg20_std,test_recall20_mean,test_recall20_std,runtime_sec_mean,runtime_sec_std
maxlen,50,0.09623462395959759,0.0015839953301885071,0.09090979884679512,0.00033855280443961214,0.1753397414650315,0.001965578043824684,0.11408866933328866,0.0009152045317814391,0.2676499834272456,0.0031993000189084702,360.15631914138794,12.69091759722624
maxlen,100,0.10210572822477171,0.00032707210853381857,0.09896036441126521,0.0014530937741601877,0.18854270246381613,0.0024369401171265965,0.12355966042693066,0.0019804071023594282,0.2862667108606784,0.004611343885694225,388.282986720403,1.6196836255215317
maxlen,200,0.10203033049358752,0.004710500619099781,0.09780124811475317,0.0035708482605950466,0.18837697491989835,0.007448936398786063,0.12243293574518706,0.004112640260207096,0.28643243840459615,0.009233600828846784,372.18993639945984,49.30545355337636
