{
  "param_name": "hidden_units",
  "param_value": 100,
  "best_valid_ndcg10_mean": 0.5830016858849882,
  "best_valid_ndcg10_std": 0.002728154543382961,
  "test_ndcg10_mean": 0.5557590319792248,
  "test_ndcg10_std": 0.0029429948367990497,
  "test_recall10_mean": 0.7982543365373992,
  "test_recall10_std": 0.0026110490107383597,
  "test_ndcg20_mean": 0.5803717343652052,
  "test_ndcg20_std": 0.0023913134005293483,
  "test_recall20_mean": 0.8951497072146725,
  "test_recall20_std": 0.0010937459879142182,
  "runtime_sec_mean": 200.4966108004252,
  "runtime_sec_std": 8.25062985107123
}