param_name,param_value,best_valid_ndcg10_mean,best_valid_ndcg10_std,test_ndcg10_mean,test_ndcg10_std,test_recall10_mean,test_recall10_std,test_ndcg20_mean,test_ndcg20_std,test_recall20_mean,test_recall20_std,runtime_sec_mean,runtime_sec_std
num_heads,1,0.10210572822477171,0.00032707210853381857,0.09896036441126521,0.0014530937741601877,0.18854270246381613,0.0024369401171265965,0.12355966042693066,0.0019804071023594282,0.2862667108606784,0.004611343885694225,389.9095528125763,1.1230464242423648
num_heads,2,0.09998799921470088,0.0018172708098918848,0.09637108725099928,0.0011571729041520867,0.18462048392442823,0.002020698393345695,0.12069050676440157,0.0015453172006414133,0.28107391448458735,0.003415220752640321,379.7325352827708,16.96506447433643
num_heads,5,0.09993934487374846,0.0015987204233836598,0.09493468788981287,0.0014014832269246256,0.18301845099988948,0.002981049069325378,0.11959910215634562,0.0012323553281580707,0.28107391448458735,0.0029861632420151527,402.35911051432294,3.756604732947869
