{
  "param_name": "hidden_units",
  "param_value": 32,
  "best_valid_ndcg10_mean": 0.08667820071795307,
  "best_valid_ndcg10_std": 0.0020258731210794512,
  "test_ndcg10_mean": 0.08521090326058539,
  "test_ndcg10_std": 0.001967864195204772,
  "test_recall10_mean": 0.16622472654955253,
  "test_recall10_std": 0.002661978522407857,
  "test_ndcg20_mean": 0.10659373235361676,
  "test_ndcg20_std": 0.0026421301059089933,
  "test_recall20_mean": 0.25102198652082647,
  "test_recall20_std": 0.005369049525938721,
  "runtime_sec_mean": 375.4914085865021,
  "runtime_sec_std": 18.90024501389764
}