param_name,param_value,best_valid_ndcg10_mean,best_valid_ndcg10_std,test_ndcg10_mean,test_ndcg10_std,test_recall10_mean,test_recall10_std,test_ndcg20_mean,test_ndcg20_std,test_recall20_mean,test_recall20_std,runtime_sec_mean,runtime_sec_std
num_blocks,1,0.5637871312581616,0.0015282532585423753,0.5413723840615471,0.002366464727341838,0.7861009833167606,0.0001562494268448942,0.5673749845853527,0.0023616853385090737,0.8882443928847642,0.001625669977854623,191.38079277674356,0.1902926867375256
num_blocks,2,0.5703679607985778,0.0006978043115228416,0.5449870499073551,0.0021763635583690513,0.7930615401613083,0.0014966542022035202,0.5707537901564994,0.001764942562602601,0.8942105844658048,0.001421354582948711,253.19920682907104,0.32011357319320355
num_blocks,3,0.5692119803663432,0.0009695350679517166,0.5456284012975928,0.0036714302331820265,0.7938901778808972,0.003127916841651061,0.57169234191596,0.0026326582882690817,0.8961993149928184,0.001227826249634974,313.8827318350474,0.22732044807780905
