{
  "param_name": "num_heads",
  "param_value": 1,
  "best_valid_ndcg10_mean": 0.5703679607985778,
  "best_valid_ndcg10_std": 0.0006978043115228416,
  "test_ndcg10_mean": 0.5449870499073551,
  "test_ndcg10_std": 0.0021763635583690513,
  "test_recall10_mean": 0.7930615401613083,
  "test_recall10_std": 0.0014966542022035202,
  "test_ndcg20_mean": 0.5707537901564994,
  "test_ndcg20_std": 0.001764942562602601,
  "test_recall20_mean": 0.8942105844658048,
  "test_recall20_std": 0.001421354582948711,
  "runtime_sec_mean": 253.20697577794394,
  "runtime_sec_std": 0.22799503007693572
}