param_name,param_value,best_valid_ndcg10_mean,best_valid_ndcg10_std,test_ndcg10_mean,test_ndcg10_std,test_recall10_mean,test_recall10_std,test_ndcg20_mean,test_ndcg20_std,test_recall20_mean,test_recall20_std,runtime_sec_mean,runtime_sec_std
num_blocks,1,0.5644517651709422,0.0,0.5434351636477446,0.0,0.7862114683460392,0.0,0.5689328875743566,0.0,0.8863109048723898,0.0,195.4038689136505,0.0
num_blocks,2,0.5713502188422335,0.0,0.544724156273428,0.0,0.7949950281736825,0.0,0.5704087115177249,0.0,0.8959231024196221,0.0,260.52788257598877,0.0
num_blocks,3,0.5693868622218202,0.0,0.549981354870656,0.0,0.7974809413324494,0.0,0.5748827802580021,0.0,0.8950944647000332,0.0,323.1863603591919,0.0
