param_name,param_value,best_valid_ndcg10_mean,best_valid_ndcg10_std,test_ndcg10_mean,test_ndcg10_std,test_recall10_mean,test_recall10_std,test_ndcg20_mean,test_ndcg20_std,test_recall20_mean,test_recall20_std,runtime_sec_mean,runtime_sec_std
hidden_units,32,0.545545363134277,0.001519666789350905,0.5234662177540073,0.003497146519242003,0.7779803336647885,0.004873880234253172,0.5512753412959047,0.002960382547190645,0.8873605126505358,0.002687081318531759,250.11111823717752,0.2876337201908859
hidden_units,50,0.5703679607985778,0.0006978043115228416,0.5449870499073551,0.0021763635583690513,0.7930615401613083,0.0014966542022035202,0.5707537901564994,0.001764942562602601,0.8942105844658048,0.001421354582948711,253.09902826944986,0.4702963934829296
hidden_units,100,0.5830016858849882,0.002728154543382961,0.5557590319792248,0.0029429948367990497,0.7982543365373992,0.0026110490107383597,0.5803717343652052,0.0023913134005293483,0.8951497072146725,0.0010937459879142182,200.4966108004252,8.25062985107123
