{
  "param_name": "hidden_units",
  "param_value": 100,
  "best_valid_ndcg10_mean": 0.1141704184745476,
  "best_valid_ndcg10_std": 0.0007804614846163854,
  "test_ndcg10_mean": 0.10557354572049125,
  "test_ndcg10_std": 0.0017471358034071825,
  "test_recall10_mean": 0.20097226825765105,
  "test_recall10_std": 0.002669991376332901,
  "test_ndcg20_mean": 0.13165089781155587,
  "test_ndcg20_std": 0.0019949022891462788,
  "test_recall20_mean": 0.304441498176997,
  "test_recall20_std": 0.003603065707462249,
  "runtime_sec_mean": 325.4179673194885,
  "runtime_sec_std": 44.5230585385885
}